{"cameraMode":{"drawMode":0,"name":"Shaded","section":"Shading Mode"},"sceneLighting":true,"audioPlay":false,"sceneViewState":{"showFog":true,"showMaterialUpdate":false,"showSkybox":true,"showFlares":true,"showImageEffects":true,"showParticleSystems":true},"in2DMode":false,"pivot":{"x":-2.1351099014282228,"y":-11.243158340454102,"z":14.562918663024903},"rotation":{"x":-0.3242267370223999,"y":0.026386016979813577,"z":-0.009047701954841614,"w":-0.9455680847167969},"size":29.2872257232666,"orthographic":false}